8.046981430196818996e-01,-2.642407047052008462e+00,2.677977921481891244e+01
-3.153774372691472427e-01,1.544922112804435477e+00,2.557670404590544067e+01
9.130096585637611506e-01,-1.230291891698715445e-01,-1.754674479040447821e+01
1.562109335174955427e-01,-8.610308756855691859e-02,-3.935373391034725277e+00
5.818981829693081059e-02,9.413716677281594447e-02,3.162821601425501505e+00
9.710439178740181143e-01,-1.491360640650226221e+00,3.199414410813880494e+01
2.342786819407607912e-01,-4.546639895982115265e-01,5.359436879972257373e+00
-4.340699879983522247e-01,-4.129657861960349119e-01,-6.224721947259011401e+00
-1.640802511785263818e+00,-1.751549027562423477e-01,1.581809860595952877e+01
-7.135465017559917689e-01,5.890171295675608043e-01,8.855979182250798942e+00
1.229062536166799058e+00,-2.474105818705549353e+00,2.647405398119117237e+01
4.675300480707779149e-01,1.111266107842523443e+00,2.549981786822982244e+01
-3.009499320676863876e-01,-2.312883198724946965e+00,2.834432924266301868e+01
-1.740805315450361768e+00,-1.177075335727104433e+00,2.225677887931461996e+01
1.818319629609721266e+00,-1.159111980479676118e+00,2.433732045376414987e+01
1.335668488037610846e+00,-2.403960787302019675e+00,2.640201563064489321e+01
9.327640819024595187e-01,-3.041632916592952873e-01,-1.787697064981478334e+01
-3.977070399774444986e-01,-2.559009989716016370e-02,6.158815307125649341e-02
-2.869930944799361505e-01,1.427618301366760378e-01,-2.297497468069073889e+01
1.058485872541329975e+00,-2.378825394756060696e+00,2.966410125219359983e+01
-5.490694833096252392e-01,-1.007584217488406431e+00,1.076898053525193966e+01
-3.247427036722330129e-01,1.471256867195380180e-01,2.271077015799446208e+00
-5.852646807458469214e-01,3.777096519227380461e-02,-6.031253977587446968e+00
1.207893322351516918e+00,-6.343809996425714415e-01,1.237875075750622500e+01
-1.038635406892467195e-03,7.430900788666089385e-02,-3.435131417684501365e+00
9.217375637428718571e-01,-1.690306817010353568e-01,-1.762459660311083098e+01
5.361725195398429067e-01,5.515149312109760560e-01,-1.628804488841009146e+01
9.219802724284336115e-01,-1.704629824032876662e-01,-1.762706491469258552e+01
-2.679432171245414024e-02,-4.260187597652470570e-01,4.405076804785595712e+00
-6.826586873515031462e-01,-3.216122749394218494e-01,-1.309872270399971583e+01
5.649763365143374294e-01,2.326074478697103265e-01,6.904477749085073057e+00
1.265629058993247069e+00,-2.451339789047445983e+00,2.644924796153058466e+01
-1.269115573779036610e-01,9.776943462113033001e-02,1.771721658513160547e+00
-6.742949319439747180e-01,-1.824890577290373961e-01,-1.336826082296526153e+01
3.575451385884719641e-02,1.505808638117990261e+00,1.419416665647908005e+01
1.289880165038092413e-02,-1.950414856340275005e+00,2.979907474576301141e+01
-3.321537093659241574e-02,7.085737093144603427e-02,1.572806171438783762e+00
1.086875199365385791e-01,-1.000049700146967258e+00,-1.984937297846976634e+01
-2.249628968715859378e-01,-7.147701815582335749e-01,-1.169952786168666314e+01
7.957062625245285847e-01,2.226922227173578350e-01,-1.698285771897615248e+01
1.640820946064540431e+00,-1.424428217013028020e+00,2.421693022665590078e+01
3.497758812012523033e-01,7.140910523136740906e-01,7.509276033378370130e+00
5.166130073865499162e-01,1.680646540009498757e+00,2.011908361287558122e+01
-2.032128778516211653e+00,-5.300268966646431296e-02,2.163475511546093699e+01
-1.843468031985585620e-01,1.525490000605990604e+00,1.429109434413493318e+01
7.761612853642207988e-01,-1.632914591080347533e+00,1.801672371789065252e+01
-1.090759241276916258e-01,-2.146878351346190872e+00,2.920523372777111959e+01
1.144625222376476792e+00,1.334982962280535590e+00,1.986380058107401325e+01
-1.185608405743455301e-02,-1.980982458075864816e+00,2.971948005718594743e+01
-1.272911833083584521e-01,7.731507858095699737e-01,8.207440461915577856e+00
-2.694851014150472235e-01,-7.189238658487610012e-01,-1.177754733683223165e+01
9.235565847783263616e-01,-1.797116642190874081e-01,-1.764330304983074527e+01
-1.302396445548121617e+00,-1.683437940635870822e+00,2.263002077387442057e+01
8.430067040043276450e-02,1.401837197312066630e-01,-1.490800765416392171e+00
1.799036084801263202e-01,1.777439615686866592e+00,2.024668868470753935e+01
1.787215969500638879e+00,4.529474890758434236e-01,1.941591900888024469e+01
1.004942614802217582e+00,-8.826987325049310273e-01,1.214853893322001355e+01
-1.215267489397967138e+00,-1.751126592063318332e+00,2.269040787267836734e+01
-6.847688619034721924e-01,-8.744235839378945441e-01,1.059564122835042177e+01
-9.784119270459190609e-01,1.915534329870810237e-01,9.373264929964683745e+00
-9.355111876707180585e-01,-4.473218036908156447e-01,1.009238134080326255e+01
3.123301036510809370e-01,1.156093749073943133e+00,2.549907527516711170e+01
-2.510061446519757933e-01,-7.196943591668764073e-02,3.522421695856833068e+00
-6.533653128212519867e-01,-4.382851295095895744e-02,-1.363010034852739949e+01
-4.230439230086462388e-01,-4.249495917269829892e-01,-6.205303465991358181e+00
-1.329867193400199321e+00,1.424868869102539737e+00,2.084426824403544742e+01
2.027539798170836960e+00,-1.999670814222676452e+00,3.160512682378159255e+01
-1.993662764281443733e+00,-1.129670016420862400e+00,2.620044891235181694e+01
-3.816789203263350472e-01,4.673153159562472569e-01,-7.013425751616478188e+00
1.627206194620974378e+00,7.398917608128834367e-01,2.497968218984010491e+01
-1.214733322448418695e+00,1.084148837434817825e+00,1.497493547069424835e+01
-2.123455111827032282e-01,-3.769096097646074672e-01,4.083131422846712155e+00
-3.985168039705667686e-01,-1.127660854708670390e+00,1.093588343240299210e+01
-9.736536071342450915e-01,-2.931603953363430271e-01,9.914855176817773952e+00
1.818666380442925723e+00,3.475840594929601179e-01,1.936251423524626603e+01
1.844360361755382316e+00,-1.107463860568792313e+00,2.435801336460387390e+01
2.115334153037434495e-01,1.808112915611632121e-01,-2.099103869364229435e+00
3.595174255114127471e-01,6.796178497305517263e-01,-1.589732620428057253e+01
7.817094718522147323e-01,-2.443130184072862310e+00,2.934951602764488143e+01
-2.591964184980063424e-01,-7.786107280508783313e-02,3.535683728197193787e+00
4.705597198476173942e-02,1.565522389229212497e+00,2.546933296071317088e+01
8.246383440483042726e-01,1.592187717631115551e-01,-9.217795196519503520e+00
-4.872268388442157483e-01,3.274685750928073014e-01,-1.427806217542588385e+01
1.762255342951451365e+00,-1.938397365239936221e+00,2.611266092795180072e+01
-6.749486099240253889e-02,-2.057736715809302286e+00,2.951310532912696871e+01
8.378073838909610993e-01,-2.075482679545695319e+00,2.753729715580474036e+01
1.028968724866778928e+00,-1.466772055206047920e+00,3.205867888867724247e+01
-1.253738526089013816e-01,-1.030983752306661394e+00,-2.026597449908590320e+01
1.437444112092230331e+00,1.197620860402811571e-01,1.297295739800223302e+01
6.186269919457437760e-01,-2.195378611152585258e+00,2.744414590102013918e+01
-3.415675509993335579e-01,-1.166851515101771319e+00,1.099529224022757035e+01
1.136086193676403289e-01,-1.835792201872367801e+00,3.010647394088553952e+01
9.039814641303168807e-01,-8.310695029567488623e-02,-1.748070583844754466e+01
-5.128678993258998231e-01,-2.353489526348870431e+00,2.698147522527468922e+01
1.669715675075824413e+00,1.638789198491137911e-01,2.559850550815319181e+01
4.914708170331868464e-01,1.367164507421484432e+00,1.400069428979221442e+01
4.261078423769706913e-01,-2.139059646187850272e-01,6.233397632238111719e+00
-2.547843071450843766e-01,-5.001366030377941280e-02,1.888346405284784535e-01
-5.735603330877349082e-01,-2.073788613869679498e+00,2.307519248602701722e+01
-4.949676304861492793e-01,-3.112185405613505096e-01,-2.216916226454091188e+01
1.607774300479224844e-02,1.340192994842586971e-01,2.849565677309361611e+00
1.671699429532148784e+00,1.606903811175000585e-01,2.559893644258594847e+01
1.429742909651209981e+00,2.636284522342159931e-01,1.308170053039920333e+01
-4.596892274985321936e-01,7.313810809308904926e-01,8.546244093503432282e+00
-9.617359323804003379e-01,-3.543796566981393115e-01,9.986002441791120177e+00
6.453927302068065974e-02,1.208620992141603567e-01,-1.410375090987607605e+00
-1.383387009542111024e+00,8.378013109625125354e-01,2.563797727688789152e+01
-1.125314377048260317e+00,-2.137511310332017800e+00,2.672496203779735424e+01
-1.927967428013848683e-01,-1.237213191999170014e+00,1.114534438739909206e+01
6.733922982314266559e-02,-2.357736695407468996e+00,2.721786364274617043e+01
3.728914094792027956e-01,7.065035651708790887e-01,7.465192602925776910e+00
3.197862321431773625e-01,-3.839557522358466590e-01,5.836331241621158128e+00
-3.237720082384173970e-01,5.462987270399816131e-01,-7.189210360146834233e+00
4.506571975974257294e-01,7.674518733551827232e-01,-8.160746690208405596e+00
1.576239421896474147e+00,-2.222540053305843255e+00,3.045482607798713204e+01
1.668632353298188375e-01,-2.162635043119259137e+00,2.345166973607176075e+01
9.228235026687949816e-01,-9.566538513060660609e-01,1.206969393369523402e+01
1.184298045709650582e+00,-2.343514848365405356e+00,2.981972358786274313e+01
-2.934774905663820599e-01,-1.193464313671650512e+00,1.104554937246531843e+01
1.292451817984036300e+00,6.694432363515364637e-01,1.340511806037080511e+01
-3.256315719436989609e-01,5.434839864657714514e-01,-7.183956974556497954e+00
-1.414245415267858741e+00,8.083252518089421024e-01,1.519348172681122833e+01
-2.070277930098630148e-01,-7.122768556387334415e-01,-1.166653492213849042e+01
6.307176085670199717e-01,-7.793478003082386918e-01,-1.896259165527661494e+01
-1.176826463814113932e+00,1.530566646737524295e+00,2.077298372263065929e+01
-1.206662214397290045e+00,-1.209025341032653689e+00,1.658784205230431752e+01
-4.838348594356657872e-01,3.023867100826504450e-01,-6.522987419610178250e+00
-1.295468729029665977e-01,-3.964682544167800193e-01,4.164827254193567363e+00
8.953665611812975378e-01,-1.569216132176972422e+00,1.809230485704682323e+01
1.131287807428160708e+00,8.976001659658672249e-01,1.357442962066234315e+01
-6.604691607081817351e-01,-4.768000930592206088e-01,-1.277519332323667811e+01
7.990479768284103335e-01,-3.090062230251135467e-01,-9.836259961204397939e+00
-1.695763613951585258e-01,2.882620312469220125e-01,-2.326651413971124427e+01
1.948085631029541354e-01,-4.599914030143778532e-01,5.180220787221638368e+00
-9.850804295751008910e-01,1.628642762873307726e-01,9.404254616989362603e+00
5.460762859639711753e-01,-5.424020864711515122e-01,-1.038297457042206950e+01
6.758343330644612790e-01,1.615029671009573065e+00,2.005757919583506421e+01
-5.178603590554660130e-01,-5.198207248118612567e-01,-2.180036419229269384e+01
-6.720413130933015067e-01,-1.593280942676695289e-01,-1.341155359224314836e+01
-1.496614132976687994e+00,7.427363477234679712e-01,2.566171875965440918e+01
-1.679343809538839549e+00,-1.692446838844732238e+00,2.644447350339742187e+01
-3.239789004460971178e-01,-9.793964502398749827e-01,-2.074372085260589316e+01
-9.924845260891582699e-01,-1.741213182848306562e-01,9.778650483918493563e+00
1.228064459071974035e+00,-1.400715081400015105e+00,3.227236166413518959e+01
-3.608726377224427129e-01,-4.716101154683599583e-01,-6.122310228770081686e+00
1.695951556532934612e+00,-2.159463387650650823e+00,3.071815258447376706e+01
-8.091561346003873778e-01,-2.038595211596360368e+00,2.790148845624254292e+01
8.039103959213829143e-01,-1.618904336565130109e+00,1.803422506349257404e+01
-2.145560769079066232e-01,2.355906822728509042e-01,-2.316076422795918432e+01
5.029732140458238049e-02,9.133388837956134265e-02,3.176388333030566447e+00
1.714903259977325956e+00,-2.014658013630727051e+00,2.614792752398532727e+01
-8.693169135972621531e-01,1.686153241375601519e+00,2.064172063477318275e+01
7.043785407247143970e-02,9.987990046795450216e-02,3.141123187383747517e+00
1.084760020869014019e+00,-1.445822223820990793e+00,1.821695648641059861e+01
-3.475841574479936469e-01,-4.783914084827764479e-01,-6.105811410447543608e+00
-1.897886558291376202e-01,1.525642823817427773e+00,1.429359870611662231e+01
-1.152654529556519813e+00,-2.122104389454050999e+00,2.671260932158666890e+01
2.125639499870440208e+00,-1.612943783554301680e+00,3.282615269315427753e+01
7.570019984222373099e-02,-4.762026557093394091e-02,-3.823497292034295558e+00
-1.091391023621526735e+00,1.580407010727834072e+00,2.073510532482567470e+01
-2.418237560245423690e-01,1.099504244783989504e-01,1.946414450040479860e+00
-5.827322906291577675e-01,-2.340855317568658389e+00,2.695282853268574641e+01
5.730316607604020174e-01,5.185971511461319183e-01,-1.637015566587688298e+01
-7.489939475936416291e-02,-5.330832888480850906e-01,-5.623740026465892328e+00
-1.055207841827144000e+00,-1.828152417998783363e+00,2.768000340617019717e+01
5.567742590557080984e-01,5.333769892735628071e-01,-1.633344347645972050e+01
1.017259657218938740e+00,-8.703858887389024357e-01,1.216089477473517100e+01
-1.702753177160627240e+00,-4.832580898729248453e-01,2.675781807803726409e+01
1.502417814560098153e+00,-1.574066191651989133e+00,2.413540509148696955e+01
-2.548494075881567178e-01,-7.177210688049932008e-01,-1.175241884181618701e+01
5.377467580059033248e-01,3.346762986145980501e-02,6.681143288283933224e+00
-6.137959921644043498e-02,8.468226739323470031e-02,1.661697604374627879e+00
-6.716445149704673989e-01,6.183136456225010180e-01,8.803471077266559419e+00
-1.393860898880823429e+00,8.434553174692126509e-01,1.516817714859957889e+01
-8.499960346554344404e-02,-6.902945872581708331e-01,-1.142628080160723059e+01
1.772361411562777711e+00,-1.920351419046915975e+00,2.610495955374499388e+01
1.665110064262473211e+00,-7.721635122279745245e-01,1.870914606734356767e+01
6.446096858565392163e-01,-4.756819768090154166e-01,-1.019696201854671713e+01
3.401027313291070664e-01,1.426015698031201095e+00,1.406597494299343865e+01
8.310481046464727184e-01,9.552582480053281033e-01,2.550876383004149162e+01
-8.396937568841503774e-01,1.368741053231150140e+00,2.575441902736805488e+01
-1.400409267154003379e+00,1.369008223571971827e+00,2.087913663968054934e+01
-5.963489109522144421e-02,7.654128799971444685e-01,8.133854575891794170e+00
1.437832581905100771e-01,-4.442835010692098296e-01,-4.655144405643297567e+00
2.041010088198180056e-02,1.508144333769690704e+00,1.420062615290707342e+01
-1.319149804278866023e-01,-5.300618178217814114e-01,-5.751077301934920172e+00
-1.932540697011631697e-02,3.581378577290512955e-02,-4.163309696418256989e-01
1.987603461219206613e+00,-1.290359812420559527e+00,2.588771796039501893e+01
2.419954614763863282e-02,-2.593441599990156554e+00,2.780449095040599516e+01
-1.643779107593055011e+00,3.127257833264648901e-01,2.634662600508861985e+01
1.423642390648457656e+00,4.900179961123767303e-01,2.555874283582324935e+01
8.345701057943789580e-01,1.271867417191290817e-01,-9.256960060010328561e+00
7.492932804432228533e-02,-1.273718484158748776e+00,1.136476724546169237e+01
6.038457832881505283e-01,-1.705768387410366849e+00,1.790811684865571252e+01
2.010628179602749643e+00,-9.997337631938957303e-01,2.581017874081060981e+01
9.844239772341982775e-01,1.447907881499284510e+00,1.993014663902236805e+01
-2.485014134581392808e-01,-7.014451338669845659e-02,3.518583332509169548e+00
1.600491489256379962e+00,-1.471478838543059053e+00,2.419252085204173852e+01
-3.333469722445333572e-01,-2.301122156283119224e+00,2.831611225219943861e+01
-1.605877569296159324e+00,-4.537597979285448724e-01,1.600416820638365323e+01
5.352001856924842871e-01,5.523689728286372835e-01,-1.628588328473654201e+01
1.694335870770621311e+00,1.234622000402694764e-01,2.560399124951837635e+01
6.829901480802734737e-01,-7.371540706731799508e-01,-1.884503916673449098e+01
7.454801425034568441e-01,-1.089673350977188981e+00,1.190689680710087117e+01
-6.668991458029051023e-01,-1.211803984837706571e-01,-1.348290367870284712e+01
3.997495826375711131e-02,8.738727173589662389e-02,3.191661693091151442e+00
-8.942072951653373680e-01,-1.973033764321302730e+00,2.782632929259541399e+01
-3.187246824108223575e-01,-4.893141790638123045e-01,-6.072104435227304364e+00
-1.635181901676142219e-02,-2.558550234799904288e+00,2.792959062622609423e+01
-1.452490188771016877e+00,-1.547319711420822586e+00,2.251875968442867304e+01
8.488166615649297975e-02,1.062508156431668099e-01,3.113409204755090087e+00
-1.261616629516565946e-01,-5.307278426309510744e-01,-5.738439120928437553e+00
1.403410887418842651e-02,-5.311599262353565720e-01,-5.396949300788092430e+00
9.863962357970538219e-01,1.291226168480335224e+00,2.519906969759393078e+01
5.320855370032534504e-01,-8.408464290919138717e-01,-1.916586552030921453e+01
-1.364636618589642802e+00,1.397952199347229030e+00,2.086127101989294985e+01
-1.367826504142679589e-01,-1.771650485793330176e+00,1.743623192592998095e+01
1.966706120768739074e+00,-7.736190305268549894e-01,2.447837410699525762e+01
-1.569792166284470936e+00,-1.809758045276025573e+00,2.650735594844602261e+01
-7.667812300216153565e-02,3.193721619200414613e-02,3.315210613564691489e+00
1.419086790103357698e-01,-4.458253396019870585e-01,-4.665852194582283730e+00
-1.052750442713704659e-01,-2.129726715721433905e+00,2.927017064640578425e+01
-1.486389551185878899e+00,-1.216519320709956276e+00,2.719459301718738331e+01
1.804055100652289245e-01,7.383780755293992693e-01,7.822587763323719301e+00
3.069693304355364250e-01,7.074206962571328861e-01,-1.577973240168304869e+01
4.907539048246266078e-01,1.367482737106567647e+00,1.400101693815872039e+01
6.584422831199422399e-01,5.589180752842083377e-01,-8.607962432175636280e+00
1.042908035606879169e+00,-8.438012089181197162e-01,1.218707976435207740e+01
-1.590945309397061858e-01,1.007568857113369798e-01,1.815495205384408450e+00
-3.632078380732401551e-02,4.304764867645131249e-02,-8.364996675234843693e-01
1.799182445021226817e-01,-2.161604261376735447e+00,2.345807913792517851e+01
-5.108292452612123863e-02,-1.270920967004696589e+00,1.127290666430071653e+01
-1.463921798904179283e+00,7.636676363919557842e-01,2.611103852953954529e+01
-2.952692105279237922e-02,7.805413497383307808e-01,-7.799671295578448849e+00
-6.250032271216886537e-01,1.762671903538428175e+00,2.054531125560197680e+01
6.412273071784529987e-01,-7.718639939655757010e-01,-1.894026743667602020e+01
-1.692217500321151702e+00,-5.570547728820925970e-01,2.679851503099937915e+01
-6.763277364975578410e-01,1.749473551939513039e+00,2.056509655618135213e+01
-8.923784511348865633e-01,1.105594980749987410e+00,2.556345771691003321e+01
2.841234882078155222e-01,7.187333240859438144e-01,-1.572720688548579737e+01
1.923126617084348622e+00,-1.570318285743615538e+00,2.597468348928535420e+01
-4.036985867614346635e-01,-1.123898278127159145e+00,1.093043993488169363e+01
-6.900375509462454149e-01,-1.605202176654044077e+00,1.704868087574972080e+01
-3.273825203817432722e-02,3.390064372650503782e-02,-6.944234354043012925e-01
7.747296669314575057e-01,2.637996991913090228e-01,-1.691022258909674747e+01
2.130739463723288818e+00,-1.569394752271772608e+00,3.286433176376869625e+01
-1.401693889086634282e-01,-6.999643559379066238e-01,-1.152973739375550899e+01
-1.567033634877351422e-01,1.426943600421197167e-01,2.554362926976108561e+00
9.476107391365995447e-02,-1.788581293928775962e+00,1.758907480069317941e+01
6.119120348821164290e-01,-2.198503425640942144e+00,2.744133429060612883e+01
6.066363275925117787e-02,-1.273750251795316979e+00,1.135459827533142452e+01
-1.709013931177288947e-01,-2.376598094965549635e+00,2.712157155503953376e+01
-5.846030448074835961e-01,4.125062470562663314e-02,-6.033998205776924806e+00
-2.913114341825703280e-01,-2.720409939758318685e-01,3.936435190855927857e+00
-2.000849140779894064e+00,2.715950732358496378e-01,2.147065190724109840e+01
9.304632389068000498e-01,-3.292500699733324487e-01,-1.792598688000671459e+01
1.992352480128981140e+00,-6.614236408930188604e-01,2.451695598671418708e+01
2.421606064386314094e-01,-4.510250320350278619e-01,5.401387240966688985e+00
-1.058249421411985081e+00,-1.825122738972168257e+00,2.767715547838378498e+01
5.308219501792110773e-02,9.233349779315204453e-02,3.171950831046077557e+00
-1.901346051256631170e-02,3.635432558689029314e-02,-4.322599884855562458e-01
-6.826523981302151656e-01,-2.317033447576597904e+00,2.691325460381429835e+01
-8.762905330194348252e-01,-1.954629198111179633e+00,2.290445402192635882e+01
5.443777166542881213e-02,-4.418143286659187985e-01,4.675351582997322453e+00
-3.747229639439659393e-02,7.116282221890798398e-01,-1.514155671866768671e+01
1.095883003926982457e+00,-1.883344261483776538e+00,2.391392177671518837e+01
1.495512926102841478e+00,-1.036764152978530751e+00,1.853840319166671691e+01
8.503385987761625797e-01,9.055045719980731045e-02,-1.720465728065883937e+01
-6.759320758037928867e-01,-1.978128840939938349e-01,-1.334016591924505235e+01
-1.166264459883121107e+00,-2.114234852776867957e+00,2.670641523077241075e+01
-9.573695494913713189e-01,-3.728671195002432603e-01,1.000732049723874795e+01
-4.911396365792027874e-01,-7.148385844670385181e-01,-2.142058034645782172e+01
6.911560940152562393e-01,-7.296327926756628335e-01,-1.882491736445546948e+01
-2.899473887942619066e-01,-7.199203313997476483e-01,-1.181279841652956719e+01
7.277465491274658360e-01,-2.658986119496728140e+00,2.684326192106410147e+01
-3.894133663447111454e-02,7.626791176239565706e-01,8.110919380678987878e+00
7.654892653855082107e-01,1.222219560455959142e+00,1.384664762307479791e+01
-9.866118738231829388e-01,-2.122224744532667240e-01,9.822850051685453110e+00
9.259267852418563427e-01,-1.950766383310530983e-01,-1.767100242620515260e+01
1.143062598811256381e+00,-2.522470152382572106e+00,2.653286216085915328e+01
-7.449314559728380247e-03,6.334073046544885788e-02,-3.518775797348903112e+00
2.829972419197607780e-01,-2.909943897892720011e-01,-4.178471376604131926e+00
-1.622141367401513712e+00,1.908548187389666473e-01,1.558601443091785299e+01
-5.552905674336100494e-01,6.921823976082338570e-01,8.652610525075303372e+00
-2.490823046923224260e-01,1.508833534776994889e-01,2.406385165142170379e+00
1.653975477717749554e+00,7.639564500431196281e-01,1.957150819839916167e+01
3.601500726466554808e-02,1.206457321397319760e+00,2.550175523901577535e+01
-1.208222038118055286e-01,-1.773431022982523420e+00,1.744690111780620967e+01
8.666894696604166004e-02,-5.348743721407082236e-02,-3.846325369967104280e+00
-5.937835172150907753e-02,7.733328876671873298e-01,-7.748493650713082381e+00
5.506348644194484221e-01,8.159683134664114101e-02,6.741120526864769147e+00
-4.111696416081214167e-01,-8.881844343912524975e-01,-2.102780564740707447e+01
-5.880351165486364523e-02,-2.043893025737522517e+00,2.954880157185688461e+01
-1.096394229948004284e+00,-1.324190532710219248e+00,1.669928531941393501e+01
8.296138872294411826e-03,7.882506602231916792e-01,-7.841159000386650035e+00
2.533065684516867533e-01,-1.261850772890745098e+00,1.149242976885897960e+01
6.909044738811828124e-01,-7.298675312629246958e-01,-1.882554049066874313e+01
1.294552980416044496e+00,-1.380160393724542800e+00,3.233631253865372202e+01
5.647846365376900657e-01,2.292026499461320421e-01,6.901560252778498494e+00
1.409667036903478277e+00,3.839266591925015737e-01,1.317509272560071665e+01
2.503385150464041420e-01,1.454966543651581290e+00,1.410370856708318676e+01
-8.739266076159014629e-01,1.684361893804731114e+00,2.064359737424210195e+01
-1.114753633664319066e-01,1.404622907921345976e-01,2.614842564595650121e+00
7.567180115687974773e-01,2.950723952102705661e-01,-1.684928249531074940e+01
3.557739924298920497e-01,7.122398369503724069e-01,7.497914703033433881e+00
4.325648094180071235e-01,-8.922531857933025945e-01,-1.933590668575468996e+01
1.453234198132746569e+00,-1.620541228006351142e+00,2.410737460221707806e+01
-7.596766360079312830e-02,-1.029607986859188085e+00,-2.017388186807071904e+01
-1.666236289637093915e+00,5.640772502623251361e-01,2.570542134221491537e+01
1.767431154347614219e+00,-1.245397862899692898e+00,2.429977617428805914e+01
1.293860729363388584e-01,1.193481198174642932e+00,2.550008220737277753e+01
-2.051339547754594261e-01,-1.232796488533223211e+00,1.113362374583054049e+01
-4.135517793975532208e-01,-4.353187922955012445e-01,-6.189568529585574908e+00
1.377819923785276734e-01,-4.490053016292060994e-01,-4.688461477559104473e+00
1.723957112549523218e+00,6.076030078020243641e-01,2.493557194264554866e+01
1.525717261426703386e-01,-2.344160722891144744e+00,2.725241169460812429e+01
-2.019822028776727674e-01,1.050569512430611085e-01,1.882754921743972076e+00
1.991587678068989842e+00,-5.668339122056514218e-02,2.472191924397570162e+01
-5.088550915227364468e-01,2.959346380994594683e-01,-1.422028248869284006e+01
-1.642421925796650140e+00,-1.115863533393060547e-01,1.577692779862877970e+01
4.076764626616301013e-01,-2.461089707675708782e-01,6.169647148388573754e+00
6.649024694578405947e-01,-2.069316184416014170e+00,2.369643333965874987e+01
1.609918902296953447e-01,-4.293643623209123517e-01,-4.592559247816251577e+00
1.449594078420914367e-01,7.449911299999248948e-01,-1.544955932742719718e+01
5.119066678842550955e-01,5.964764683322353322e-01,7.178454507248798855e+00
1.659047299873667169e+00,-7.835801510789354163e-01,1.870206817831784818e+01
-5.859369959883197199e-01,-6.077391481017030417e-01,-1.245167022506610266e+01
4.660612872065679202e-01,6.516118176329133149e-01,7.279596694165450188e+00
1.794399302431780141e+00,4.309364425979483881e-01,1.940484289041603105e+01
9.176917548269515335e-01,-2.413055925742586538e+00,2.949688722173895172e+01
8.278239583965107951e-02,1.382491415435864179e-01,-1.482840078279392237e+00
-2.226048572512086543e-01,-3.702447682357022374e-01,4.071597663586017823e+00
-2.489094426107685970e-02,-2.549562484211920665e+00,2.795996634333627640e+01
-2.030251871410591491e+00,-2.164174004654327299e-01,2.171744167121982372e+01
-3.902457565679057216e-01,-4.542970951584078265e-01,-6.157051407546012101e+00
1.664674483392394544e+00,6.911840540104799979e-01,2.496336724572948995e+01
1.996670109147467148e-02,8.543972993758096324e-02,-3.295037242331188665e+00
1.841882098478163088e-01,-1.034636566768890875e-01,-3.954654673015507882e+00
-3.405825090491424456e-01,6.098639428625147324e-02,-2.281864432547560639e+01
4.374021578069828969e-02,1.308172969379631234e-01,2.905357302547789011e+00
5.278185175428782294e-01,-4.749028306415764913e-03,6.629394209721871434e+00
1.531410714828524422e-01,1.849324351891339646e-01,-1.855924074157961678e+00
1.904265596046570558e-02,8.480772512997619694e-02,-3.301548658107642531e+00
-3.717832374739464818e-01,-4.656659426529071166e-01,-6.135570130136653866e+00
2.246758228974389260e-01,1.176050839503687051e+00,2.549930639689759104e+01
1.498936500732314103e+00,-1.332804083890465563e+00,3.252658176384994704e+01
-3.033955410511663953e-01,-2.543455487891687627e-01,3.894465203525812491e+00
-7.141928145500134884e-01,5.885175097661381471e-01,8.856853516264800774e+00
4.240434432956696753e-01,1.395226261343032848e+00,1.402941756749734381e+01
-9.957411337112629379e-01,9.529338735432352214e-02,9.476618383088736053e+00
2.876302154204226635e-01,-2.761234088185774982e-01,-4.131637037943555413e+00
-2.599234718478552475e-01,-2.376115777812915830e+00,2.708567872372274365e+01
7.506005385576925981e-01,3.980890944642437312e-01,-8.912041921996038951e+00
1.353189647142874152e+00,-1.362884710222294515e+00,3.238715379342647793e+01
-2.779995136171485859e-01,-1.007356720162591923e+00,-2.060644982295125871e+01
-4.127494192518218474e-01,-2.130286588203129938e-02,-1.415421260256291558e-02
2.010149602328619167e+00,-5.351594912267717552e-01,2.456148990892123862e+01
1.817271137403407621e+00,-3.688906522611085093e-01,1.896524388176531062e+01
7.996041970495925133e-01,-3.077902148633346324e-01,-9.833968046775972027e+00
-1.503325437949459609e+00,7.365325183194622038e-01,2.566325542557795458e+01
1.431186080155656182e+00,6.624815080845730328e-03,1.288740518352631348e+01
-3.295793646927264869e-02,-5.328090217412686513e-01,-5.532862319093245773e+00
-8.180016959405370658e-01,1.396811736502614920e+00,1.466388816824713182e+01
1.992098134489737049e+00,-7.127671214546648093e-01,2.574441806641830865e+01
9.426347733805372497e-01,-2.604225651728345525e+00,2.667525709963376457e+01
-8.359313406306988492e-01,4.689374779891657963e-01,9.036301728471848094e+00
5.643896109602540845e-01,2.212277688207232584e-01,6.894494872891008264e+00
-2.811630927863212337e-05,8.019384667044153481e-02,-1.165461767592128162e+00
7.399895563844309798e-01,-6.799979020474887781e-01,-1.869776119109832990e+01
1.969280126399379993e+00,5.047475178387190314e-02,2.475608030423539319e+01
-5.881915239456018130e-01,-6.055401748866212630e-01,-1.245848100047653695e+01
-1.821580921885018745e-01,1.021688836078010476e-01,1.848689288795585695e+00
-3.225886478948365443e-01,-2.240729954693912174e-01,3.821498822662855233e+00
4.062392189737217690e-02,-2.606145315714543997e+00,2.775796148610087855e+01
-5.010191131730900027e-01,-6.651990437725937566e-01,-2.151971556568228650e+01
2.131185404444164710e+00,-1.935003032064278816e+00,3.233728785626550462e+01
-4.772463475481339423e-03,5.428442053419377938e-02,-3.559958552934084253e+00
-7.346827044076473245e-02,-5.331259049262530025e-01,-5.620678502500886964e+00
-9.836551608702996941e-01,1.691710942561459319e-01,9.397533401877630865e+00
4.632709016569002136e-01,-2.120986118655765917e+00,2.359724191158255735e+01
4.906310134282830526e-02,7.945071114212163277e-01,-7.871321698578981341e+00
-4.054282506535937802e-01,4.284088267315083187e-01,-6.888105586741925634e+00
-1.643267752899723044e+00,-1.733966581286400910e+00,2.646569413825486450e+01
-1.603771793233345289e+00,2.907613255581583123e-01,1.552542011580291614e+01
1.509606390616345939e-01,1.843816205253893947e-01,-1.844739950556253616e+00
-2.062754624395286562e+00,-8.661774841761967769e-01,2.610392275662472983e+01
9.798009652251397084e-01,-2.591517223145284987e+00,2.664802453615255828e+01
5.771700754532008704e-01,6.667568717499724462e-01,-8.386501339690452639e+00
-1.986422168676280631e-01,2.542612164643474615e-01,-2.319874387348809464e+01
-1.528652549499962765e+00,-1.465401853129597809e+00,2.245686580269734733e+01
5.843347124828163208e-01,-1.647045789748658562e+00,3.143491927704448230e+01
-6.634258906858726546e-01,-9.630208564434233898e-02,-1.353012099897513920e+01
-3.044335947377786039e-02,-1.026373435235578668e+00,-2.009099658756687390e+01
-1.637663070743505367e+00,-2.312436770362268357e-01,1.585457110337212505e+01
-1.462455514570846660e+00,-8.438225228765817709e-01,1.628444247429306202e+01
-4.914864759061395028e-03,-1.273354794966607750e+00,1.130767662055361455e+01
-3.795982113838389793e-01,-5.963525460294267014e-03,-2.269713722999103922e+01
-1.662519413489121467e+00,1.102288735030182210e+00,2.102776514516170536e+01
-8.936385573946022953e-01,1.105138367924473286e+00,2.556360131380581535e+01
1.120307399003755977e-01,-1.837594007357089554e+00,3.010150419537970734e+01
-5.919708948045206975e-01,1.468578607660924740e-01,-1.394981412391265607e+01
-1.488528753793310067e-01,9.943457425259552562e-02,1.800767577719833090e+00
-3.884406332169086373e-01,-4.554550903245601634e-01,-6.154957553186539698e+00
8.028883122878305301e-01,1.197193275023886061e+00,1.382125605074937091e+01
-8.876777501317061336e-01,-1.492930250868753195e+00,1.689049159292143898e+01
2.326371734525128909e-01,1.767551308319535719e-01,-2.217503142915949077e+00
-1.712804392988751090e+00,-1.479576645476742836e-01,2.658222355794839942e+01
-1.673720426299118103e+00,1.803758186648641293e-01,2.641427770620924420e+01
-6.236062713871809438e-01,1.464579474901656742e+00,2.567756743216601123e+01
-7.202058972102787227e-02,8.816317146814869887e-02,1.691207151219559890e+00
7.071163425804575242e-01,-7.143400174827719828e-01,-1.878496446491559624e+01
-1.753992845995599348e+00,-1.155451010593759209e+00,2.224247048957425932e+01
1.057563994342339830e-01,-2.352078938808241038e+00,2.723344900895874687e+01
6.296558969369037140e-01,-4.841457681301943317e-01,-1.022429641397181044e+01
-5.985214951188565502e-01,1.327537802196783745e-01,-1.392539001567337564e+01
2.009737750238302922e+00,-1.037836460524592441e+00,2.581966039484593267e+01
-8.053696504531573375e-01,5.047889405212842018e-01,8.985847598695244187e+00
2.114424576584296389e+00,-1.504806422807135613e+00,3.291194165317170928e+01
-1.196756477059023771e+00,-1.675117383960766038e+00,2.754271386356400697e+01
6.775772835648167236e-01,5.335267654190100073e-01,-8.660279131824266230e+00
-1.966041211675534917e-01,-5.197862886927050452e-01,-5.886971576354614655e+00
7.034361180516273127e-01,-7.179382826305354959e-01,-1.879425418020744587e+01
-1.178246876154603884e+00,-1.240277135306900202e+00,1.661699637483977909e+01
-1.829740925296398091e-01,1.561203538303544081e+00,2.553641115246608351e+01
-3.385012575643641108e-01,-1.168675719897076970e+00,1.099854194200640300e+01
-3.999788667965604727e-01,-9.030477866520419949e-01,-2.098919001167345399e+01
-1.854146373668658088e-01,-2.376840823675562486e+00,2.711569261686496901e+01
-8.415321203072593237e-01,-6.576808723764743236e-01,1.033329917146483012e+01
-4.132601450407452082e-01,-2.142110612112462648e-02,-1.382250197515007273e-02
8.422545282689296586e-01,-1.368595476418241197e-01,-9.555616569552377371e+00
4.555381280110224473e-01,-1.747515394893543128e+00,1.781636402333143820e+01
-5.333419289608506419e-01,1.501916710036758973e+00,1.447368419238247128e+01
2.016216658906227366e+00,-2.739141547628490270e-01,2.465087110822938143e+01
2.829084435406727938e-01,-6.237155327732532006e-01,-1.082080950024872834e+01
-2.041686430023398058e-01,1.054535525916451832e-01,1.886548063891790639e+00
-1.615319791605566713e-01,-7.037625991584551821e-01,-1.157402859691805830e+01
2.130750136047783183e+00,-1.569717771839136189e+00,3.286403022831656529e+01
-2.528084844467870518e-01,-5.032451677111014071e-02,1.906540991303778132e-01
2.373553272162885475e-01,-1.348995681094566634e-01,-3.980921406380590888e+00
-3.378249049008039129e-01,6.554655066861508894e-02,-2.282714763035970051e+01
-1.674061413093780981e+00,-6.568162801367959380e-01,2.685413293744191066e+01
-9.453223419130637462e-01,-4.164685390591155167e-01,1.005717492619725206e+01
1.327906241736926507e+00,-4.162907569873373070e-01,1.256147080216883438e+01
2.963927567920728867e-01,-1.717210015973630322e+00,3.068192209680742266e+01
-3.103389313711913955e-01,-2.136461756293898784e+00,2.321360788788864227e+01
5.352304627403500215e-01,1.673673176116281525e+00,2.011188685493735662e+01
8.348030874653894484e-01,1.264425437087442483e-01,-9.257858984313342532e+00
1.346093167780356259e+00,5.664875143528631529e-01,1.332255118963363394e+01
-1.988142018077760476e+00,-2.822188844582346548e-03,2.584755348843262368e+01
-1.640507190302435303e+00,-4.056316149214473157e-03,1.570778826417266671e+01
-1.312066926001954625e+00,-1.520792391161662316e+00,2.741748772060237727e+01
-8.525930764516221894e-01,-2.262748195652970473e+00,2.684335486959815142e+01
6.342061082097683045e-02,-2.622003137191216915e+00,2.769725369871295939e+01
-3.404858226210497607e-01,5.210415783733892692e-01,-7.140913396952329961e+00
-2.144336816334901918e-01,-1.027710778635001709e+00,-2.044437315359202145e+01
5.081958649786618709e-01,6.016858798332233027e-01,7.186928594174780471e+00
-4.966092418068643877e-01,-3.183520769179954413e-01,-2.215704944778955721e+01
-4.510877670641196824e-01,7.340190372456337764e-01,8.537275045658478945e+00
-1.415930031615357576e+00,8.122528512923316013e-01,2.564438597993502000e+01
-1.248804067543021756e-01,-5.308506090880223960e-01,-5.735703553139025246e+00
-1.530394644718895691e-01,-1.224678633718151270e-02,3.399327916787287407e+00
4.255170153580526415e-01,-2.149922441710304388e-01,6.231311559473299511e+00
1.388993898525729742e+00,-2.285046298741871595e+00,3.011892949534141550e+01
6.052308725738916317e-01,-2.464939597943799576e+00,2.916558672551628817e+01
4.614042075990213432e-01,6.562410072991570198e-01,7.289435804401213304e+00
2.905968094707581800e-02,8.243058375180825625e-02,3.205864930115849276e+00
1.418447875028691518e+00,4.957198082085075286e-01,2.555810014195437319e+01
1.664299163165552153e+00,-1.394811264600618550e+00,2.423153680308745805e+01
1.397215945341382826e+00,-1.670153310425497306e+00,2.407607050242371471e+01
-9.910419562997277998e-01,1.066620860141989979e+00,2.557518497852370487e+01
-3.949857205869799492e-01,-1.130202661636304118e+00,1.093958705670373988e+01
-1.532422060150076870e+00,6.309670377630119953e-01,2.618104397312842124e+01
4.829447375444026469e-01,6.337812717023648679e-01,7.243641388331980124e+00
2.120918872011360090e+00,-1.639780151875515735e+00,3.280911543897432381e+01
-2.803202481965518800e-01,-9.510573670696437221e-02,3.573122106139940080e+00
1.463748950209858846e+00,-1.610844344965657093e+00,2.411332120381551292e+01
-1.635210489908021536e+00,-1.742715983632602494e+00,2.647040345368296599e+01
5.007188851874055935e-01,-1.203714350178101800e+00,1.168422030571928971e+01
3.929816101021221253e-01,-2.707438290176855666e-01,6.120303844933446591e+00
-1.426159872237396653e-01,7.380645948416793001e-01,-7.610789601168701068e+00
-1.433385093582575931e-01,1.008595124926066865e-02,-1.985771430562335016e-01
-5.322127078720377824e-01,2.584846111923098655e-01,-1.415172242137143321e+01
6.368862793524746047e-02,1.273586232305691790e-01,2.945594123217863292e+00
-3.753376048405137055e-01,-1.112184484659432294e-02,-2.281101363680436422e-02
-8.875337823563152206e-03,-6.393575798204231830e-02,7.352053763948760423e-01
-3.986454580546415771e-01,-2.275717504412536396e+00,2.825905909155005347e+01
1.042660039282620188e+00,-8.440642320488053185e-01,1.218682347417247769e+01
3.455959440543862615e-01,-1.246327636341885148e+00,1.156024774179411452e+01
1.659895079138916651e-01,1.555526517311589751e+00,2.543509863333914112e+01
-6.747131911660021464e-01,-1.863965600019258928e-01,-1.336110425907312127e+01
4.351174243517006435e-01,-1.752433748131474678e+00,1.780376594317601047e+01
5.590979470913907956e-03,3.194492160287124710e-02,1.379765371897193615e+00
-4.192212629231503729e-01,-2.366083192842158983e-02,2.483542426347079557e-02
-4.884999175046011999e-01,1.510313196753319875e+00,1.444604287976096302e+01
1.072296671790818889e+00,-1.450431451738351862e+00,3.210432575402145972e+01
2.122719618954159726e-01,8.053432553544425110e-01,-7.984256587877867517e+00
2.906038082079886314e-02,1.802796726065512001e+00,2.030299182518385948e+01
1.518836002472386149e+00,-2.251688861330849001e+00,2.627792122831797883e+01
1.878663268290152177e-01,8.053803020214475028e-01,-7.967734705284094332e+00
2.365531086510454517e-01,1.544272292823356540e-01,-2.489308581253971475e+00
